Series Name,Series Code,Country,Country Code,1974 [YR1974],1975 [YR1975],1976 [YR1976],1977 [YR1977],1978 [YR1978],1979 [YR1979],1980 [YR1980],1981 [YR1981],1982 [YR1982],1983 [YR1983],1984 [YR1984],1985 [YR1985],1986 [YR1986],1987 [YR1987],1988 [YR1988],1989 [YR1989],1990 [YR1990],1991 [YR1991],1992 [YR1992],1993 [YR1993],1994 [YR1994],1995 [YR1995],1996 [YR1996],1997 [YR1997],1998 [YR1998],1999 [YR1999],2000 [YR2000],2001 [YR2001],2002 [YR2002],2003 [YR2003],2004 [YR2004],2005 [YR2005],2006 [YR2006],2007 [YR2007],2008 [YR2008],2009 [YR2009],2010 [YR2010],2011 [YR2011],2012 [YR2012],2013 [YR2013],2014 [YR2014],2015 [YR2015]
"Population, total",SP.POP.TOTL,Afghanistan,AFG,12315553,12582954,12831361,13056499,13222547,13283279,13211412,12996923,12667001,12279095,11912510,11630498,11438949,11337932,11375768,11608351,12067570,12789374,13745630,14824371,15869967,16772522,17481800,18034130,18511480,19038420,19701940,20531160,21487079,22507368,23499850,24399948,25183615,25877544,26528741,27207291,27962207,28809167,29726803,30682500,31627506,32526562
"Population, total",SP.POP.TOTL,Albania,ALB,2350124,2404831,2458526,2513546,2566266,2617832,2671997,2726056,2784278,2843960,2904429,2964762,3022635,3083605,3142336,3227943,3286542,3266790,3247039,3227287,3207536,3187784,3168033,3148281,3128530,3108778,3089027,3060173,3051010,3039616,3026939,3011487,2992547,2970017,2947314,2927519,2913021,2904780,2900247,2896652,2893654,2889167
"Population, total",SP.POP.TOTL,Algeria,DZA,16247113,16709098,17190236,17690184,18212331,18760761,19337723,19943667,20575701,21228288,21893857,22565908,23241276,23917889,24591493,25257671,25912364,26554277,27180921,27785977,28362015,28904300,29411839,29887717,30336880,30766551,31183658,31590320,31990387,32394886,32817225,33267887,33749328,34261971,34811059,35401790,36036159,36717132,37439427,38186135,38934334,39666519
"Population, total",SP.POP.TOTL,Angola,AGO,6923749,7107334,7299508,7501320,7717139,7952882,8211950,8497950,8807511,9128655,9444918,9745209,10023700,10285712,10544904,10820992,11127870,11472173,11848971,12246786,12648483,13042666,13424813,13801868,14187710,14601983,15058638,15562791,16109696,16691395,17295500,17912942,18541467,19183907,19842251,20520103,21219954,21942296,22685632,23448202,24227524,25021974
"Population, total",SP.POP.TOTL,Argentina,ARG,25644505,26066975,26477153,26878567,27277742,27684530,28105889,28543366,28993989,29454739,29920907,30388781,30857242,31326473,31795515,32263559,32729740,33193920,33655149,34110912,34558114,34994818,35419683,35833965,36241578,36648054,37057453,37471535,37889443,38309475,38728778,39145491,39558750,39969903,40381860,40798641,41222875,41655616,42095224,42538304,42980026,43416755
"Population, total",SP.POP.TOTL,Armenia,ARM,2766495,2825650,2882831,2938181,2991954,3044564,3096298,3145885,3192877,3239212,3287588,3339147,3396511,3457054,3510439,3542720,3544695,3511912,3449497,3369673,3289943,3223173,3173425,3137652,3112958,3093820,3076098,3060036,3047249,3036420,3025982,3014917,3002161,2988117,2975029,2966108,2963496,2967984,2978339,2992192,3006154,3017712
"Population, total",SP.POP.TOTL,Australia,AUS,13723000,13893000,14033000,14192000,14358000,14514000,14692000,14927000,15178000,15369000,15544000,15758000,16018400,16263900,16532200,16814400,17065100,17284000,17495000,17667000,17855000,18072000,18311000,18517000,18711000,18926000,19153000,19413000,19651400,19895400,20127400,20394800,20697900,20827600,21249200,21691700,22031750,22340024,22728254,23117353,23464086,23781169
"Population, total",SP.POP.TOTL,Austria,AUT,7599038,7578903,7565525,7568430,7562305,7549425,7549433,7568710,7574140,7561910,7561434,7564985,7569794,7574586,7585317,7619567,7677850,7754891,7840709,7905633,7936118,7948278,7959017,7968041,7976789,7992324,8011566,8042293,8081957,8121423,8171966,8227829,8268641,8295487,8321496,8343323,8363404,8391643,8429991,8479375,8541575,8611088
"Population, total",SP.POP.TOTL,Azerbaijan,AZE,5596160,5693796,5789050,5882395,5975045,6068531,6163990,6261942,6362289,6464775,6568857,6674107,6779970,6886428,6994139,7104058,7159000,7271000,7382000,7495000,7597000,7685000,7763000,7838250,7913000,7982750,8048600,8111200,8171950,8234100,8306500,8391850,8484550,8581300,8763400,8947243,9054332,9173082,9295784,9416801,9535079,9651349
"Population, total",SP.POP.TOTL,Bangladesh,BGD,69837960,71247153,72930206,74848466,76948378,79141947,81364176,83599582,85868228,88181211,90559540,93015182,95550798,98149262,100779551,103400571,105983136,108509679,110987459,113442354,115913710,118427768,120987124,123574107,126169583,128746273,131280739,133776064,136228456,138600174,140843786,142929979,144839238,146592687,148252473,149905836,151616777,153405612,155257387,157157394,159077513,160995642
"Population, total",SP.POP.TOTL,Belarus,BLR,9317584,9367000,9411000,9463000,9525000,9584000,9643000,9710000,9776000,9843000,9910000,9975000,10043000,10111000,10140000,10170000,10189000,10194000,10216000,10239000,10227000,10194000,10160000,10117000,10069000,10035000,10005000,9928000,9865000,9797000,9730000,9663000,9604000,9560000,9528000,9507000,9490000,9473000,9464000,9466000,9483000,9513000
"Population, total",SP.POP.TOTL,Belgium,BEL,9772419,9800700,9818227,9830358,9839534,9848382,9859242,9858982,9856303,9855520,9855372,9858308,9861823,9870234,9901664,9937697,9967379,10004486,10045158,10084475,10115603,10136811,10156637,10181245,10203008,10226419,10251250,10286570,10332785,10376133,10421137,10478617,10547958,10625700,10709973,10796493,10895586,11047744,11128246,11182817,11231213,11285721
"Population, total",SP.POP.TOTL,Belize,BLZ,131306,133261,135145,136991,138972,141308,144151,147566,151498,155820,160342,164916,169570,174326,179025,183470,187552,191127,194321,197615,201678,206962,213674,221608,230289,239024,247312,254989,262202,269132,276085,283279,290751,298403,306165,313925,321609,329193,336707,344193,351706,359287
"Population, total",SP.POP.TOTL,Benin,BEN,3184547,3262959,3345501,3432262,3523270,3618509,3718024,3822206,3931355,4045352,4163968,4287263,4414450,4546136,4685375,4836240,5001271,5182525,5378226,5582420,5786794,5985658,6176318,6361301,6546493,6740491,6949366,7174911,7414744,7665681,7922796,8182362,8443717,8707637,8973525,9240982,9509798,9779391,10049792,10322232,10598482,10879829
"Population, total",SP.POP.TOTL,Bhutan,BTN,336677,349146,361862,374801,387731,400378,412561,423887,434385,444789,456135,469010,484151,500952,517068,529284,535505,534678,528085,518847,511382,508897,512377,520917,533506,548387,564187,580784,598421,616474,634235,651163,666920,681471,694990,707830,720246,732246,743711,754637,765008,774830
"Population, total",SP.POP.TOTL,Bolivia,BOL,4902173,5009259,5119833,5233677,5350320,5469123,5589572,5711598,5835186,5959962,6085499,6211549,6337893,6464736,6592787,6723046,6856246,6992521,7131699,7273824,7418864,7566716,7717445,7870860,8026257,8182710,8339512,8496378,8653343,8810420,8967740,9125405,9283345,9441482,9599916,9758799,9918245,10078238,10238762,10399931,10561887,10724705
"Population, total",SP.POP.TOTL,Bosnia and Herzegovina,BIH,3930283,3971608,4008411,4041623,4073480,4107135,4144726,4185074,4226663,4270598,4318301,4369527,4428460,4491745,4542757,4559256,4526996,4437898,4301169,4141167,3992256,3879278,3810649,3779354,3775898,3784389,3792878,3799747,3808347,3817313,3825872,3833377,3838504,3840418,3839749,3837732,3835258,3832310,3828419,3823533,3817554,3810416
"Population, total",SP.POP.TOTL,Botswana,BWA,792513,822029,853860,887793,923305,959666,996331,1033073,1069962,1107103,1144716,1182942,1221668,1260720,1300097,1339813,1379814,1420098,1460453,1500356,1539135,1576291,1611827,1645846,1678111,1708368,1736579,1762531,1786672,1810438,1835750,1864003,1895671,1930431,1967866,2007212,2047831,2089706,2132822,2176510,2219937,2262485
"Population, total",SP.POP.TOTL,Brazil,BRA,105846274,108431284,111076063,113776467,116532153,119341444,122199721,125107382,128054757,131014337,133950551,136836428,139664639,142437479,145150468,147801816,150393143,152916852,155379009,157812220,160260508,162755054,165303155,167893835,170516482,173153066,175786441,178419396,181045592,183627339,186116363,188479240,190698241,192784521,194769696,196701298,198614208,200517584,202401584,204259377,206077898,207847528
"Population, total",SP.POP.TOTL,Bulgaria,BGR,8678745,8720742,8758599,8804183,8814032,8825940,8861535,8891117,8917457,8939738,8960679,8960547,8958171,8971359,8981446,8876972,8718289,8632367,8540164,8472313,8443591,8406067,8362826,8312068,8256786,8210624,8170172,8020282,7868468,7823557,7781161,7739900,7699020,7545338,7492561,7444443,7395599,7348328,7305888,7265115,7223938,7177991
"Population, total",SP.POP.TOTL,Burkina Faso,BFA,6040044,6154548,6274037,6398937,6530820,6671659,6822840,6985158,7158256,7340907,7531244,7727912,7930690,8140076,8356306,8579825,8811033,9050090,9297116,9552473,9816586,10089876,10372809,10665781,10969093,11283016,11607944,11943740,12290984,12651596,13028039,13421929,13834195,14264002,14709011,15165856,15632066,16106851,16590813,17084554,17589198,18105570
"Population, total",SP.POP.TOTL,Burundi,BDI,3623853,3676991,3744696,3825484,3917866,4018927,4126544,4239673,4359122,4486613,4624617,4774258,4936429,5108581,5284173,5454475,5613141,5759429,5895131,6019901,6134041,6239030,6333415,6420397,6511920,6623707,6767073,6946720,7159918,7401215,7661613,7934213,8218070,8514578,8821795,9137786,9461117,9790151,10124572,10465959,10816860,11178921
"Population, total",SP.POP.TOTL,Cabo Verde,CPV,272509,272575,273625,275479,278152,281555,285599,290428,296071,302174,308251,313976,319161,323972,328861,334473,341256,349326,358473,368423,378763,389156,399508,409805,419884,429576,438737,447357,455396,462675,468985,474224,478265,481278,483824,486673,490379,495159,500870,507258,513906,520502
"Population, total",SP.POP.TOTL,Cambodia,KHM,7561583,7551988,7431505,7222050,6982522,6795102,6718241,6774509,6945053,7196139,7475011,7743065,7990133,8228268,8467109,8723550,9008856,9323607,9659238,10007092,10355253,10694459,11022162,11338733,11641509,11928306,12197905,12448881,12681984,12901217,13112334,13320058,13525360,13728700,13933660,14144337,14363586,14593099,14832255,15078564,15328136,15577899
"Population, total",SP.POP.TOTL,Cameroon,CMR,7529704,7740196,7959500,8187840,8425707,8673666,8932121,9201146,9480638,9770555,10070779,10381098,10701458,11031515,11370394,11716975,12070359,12430311,12796739,13169100,13546823,13929575,14317191,14709961,15108630,15514249,15927713,16349364,16779434,17218591,17667576,18126999,18597109,19078100,19570418,20074522,20590666,21119065,21659488,22211166,22773014,23344179
"Population, total",SP.POP.TOTL,Canada,CAN,22774087,23209000,23518000,23796000,24036000,24277000,24593000,24900000,25202000,25456000,25702000,25942000,26204000,26550000,26895000,27379000,27791000,28171682,28519597,28833410,29111906,29354000,29671900,29987200,30247900,30499200,30769700,31081900,31362000,31676000,31995000,32312000,32570505,32887928,33245773,33628571,34005274,34342780,34751476,35155499,35543658,35851774
"Population, total",SP.POP.TOTL,Central African Republic,CAF,1975968,2017379,2061552,2108417,2158844,2213888,2274095,2340259,2411693,2485666,2558432,2627424,2691312,2751163,2809720,2871005,2937832,3010950,3089141,3170848,3253698,3335840,3417163,3497910,3577028,3653310,3726048,3794677,3859784,3923294,3987896,4055608,4127112,4202104,4280405,4361492,4444973,4530903,4619500,4710678,4804316,4900274
"Population, total",SP.POP.TOTL,Chad,TCD,4000511,4088858,4173070,4254770,4336389,4421448,4512795,4610964,4716073,4830055,4955088,5092650,5244158,5409275,5585528,5769273,5958022,6151213,6350174,6556628,6773104,7001634,7242018,7494143,7760157,8042713,8343321,8663599,9002102,9353516,9710498,10067932,10423616,10779504,11139740,11510535,11896380,12298512,12715465,13145788,13587053,14037472
"Population, total",SP.POP.TOTL,Chile,CHL,10255074,10420590,10584237,10746328,10907901,11070198,11234340,11400489,11569135,11742057,11921407,12108576,12304203,12507488,12716508,12928491,13141202,13354054,13566942,13778676,13987999,14193986,14396020,14594070,14788609,14980484,15170387,15358418,15544554,15729268,15913119,16096571,16279728,16462701,16645940,16829957,17015048,17201305,17388437,17575833,17762647,17948141
"Population, total",SP.POP.TOTL,China,CHN,900350000,916395000,930685000,943455000,956165000,969005000,981235000,993885000,1008630000,1023310000,1036825000,1051040000,1066790000,1084035000,1101630000,1118650000,1135185000,1150780000,1164970000,1178440000,1191835000,1204855000,1217550000,1230075000,1241935000,1252735000,1262645000,1271850000,1280400000,1288400000,1296075000,1303720000,1311020000,1317885000,1324655000,1331260000,1337705000,1344130000,1350695000,1357380000,1364270000,1371220000
"Population, total",SP.POP.TOTL,Colombia,COL,24208022,24756969,25323412,25905124,26502172,27113510,27737905,28375995,29027158,29687096,30350082,31011686,31669780,32324326,32975533,33624442,34271563,34916770,35558683,36195170,36823539,37441980,38049040,38645409,39234059,39819279,40403959,40988909,41572493,42152147,42724157,43285636,43835744,44374647,44901660,45416276,45918101,46406446,46881018,47342363,47791393,48228704
"Population, total",SP.POP.TOTL,Comoros,COM,248921,256309,265234,275496,286583,297765,308518,318659,328355,337853,347548,357729,368443,379589,391133,403003,415144,427556,440252,453188,466309,479574,492979,506525,520180,533909,547696,561525,575428,589500,603869,618632,633814,649404,665414,681845,698695,715972,733661,751697,769991,788474
"Population, total",SP.POP.TOTL,"Congo, Dem. Rep.",COD,22282079,22902275,23556784,24242643,24948113,25656486,26357407,27049145,27741104,28448122,29190679,29985665,30829103,31721541,32688708,33763056,34962676,36309209,37783835,39314955,40804011,42183620,43424997,44558347,45647949,46788238,48048664,49449015,50971407,52602208,54314855,56089536,57926840,59834875,61809278,63845097,65938712,68087376,70291160,72552861,74877030,77266814
"Population, total",SP.POP.TOTL,"Congo, Rep.",COG,1509880,1556406,1603446,1651134,1699781,1749859,1801688,1855391,1910800,1967596,2025320,2083648,2142529,2202106,2262496,2323890,2386467,2450125,2514907,2581306,2649964,2721277,2795903,2873638,2953011,3031969,3109269,3183883,3256867,3331564,3412592,3503086,3604595,3715665,3832771,3950786,4066078,4177435,4286188,4394334,4504962,4620330
"Population, total",SP.POP.TOTL,Costa Rica,CRI,2045580,2097410,2151492,2207727,2266153,2326708,2389309,2454127,2521163,2589932,2659772,2730231,2800986,2872214,2944560,3018953,3095994,3175654,3257463,3341005,3425692,3510925,3596733,3682725,3767369,3848725,3925450,3996800,4063208,4125970,4187039,4247843,4308790,4369465,4429506,4488261,4545273,4600487,4654148,4706433,4757606,4807850
"Population, total",SP.POP.TOTL,Cote d'Ivoire,CIV,6307936,6606395,6916302,7237451,7569558,7912390,8265549,8629121,9002400,9383289,9769105,10158033,10548148,10939987,11337122,11744698,12165909,12600967,13046907,13499696,13953779,14404340,14852193,15296390,15728482,16137824,16517948,16865376,17185421,17491539,17802516,18132702,18486392,18862172,19261647,19684909,20131707,20604172,21102641,21622490,22157107,22701556
"Population, total",SP.POP.TOTL,Croatia,HRV,4497000,4514000,4530000,4532000,4556000,4571000,4588000,4608000,4635000,4659000,4680000,4701000,4722000,4740000,4757000,4767000,4780000,4510000,4470000,4640000,4650000,4669000,4494000,4572000,4501000,4554000,4426000,4440000,4440000,4440000,4439000,4442000,4440000,4436000,4434508,4429078,4417781,4280622,4267558,4255689,4238389,4224404
"Population, total",SP.POP.TOTL,Cyprus,CYP,642335,649755,657526,665528,673252,680013,685406,689173,691711,694074,697717,703693,712340,723380,736477,751047,766611,783138,800660,818814,837166,855389,873246,890733,908040,925491,943287,961482,979883,998150,1015827,1032586,1048293,1063040,1077010,1090486,1103685,1116644,1129303,1141652,1153658,1165300
"Population, total",SP.POP.TOTL,Czech Republic,CZE,9988459,10058620,10125939,10186755,10242098,10292341,10304193,10300591,10314826,10323856,10330213,10337118,10342227,10347318,10355276,10361068,10333355,10308578,10319123,10329855,10333587,10327253,10315241,10304131,10294373,10283860,10255063,10216605,10196916,10193998,10197101,10211216,10238905,10298828,10384603,10443936,10474410,10496088,10510785,10514272,10525347,10551219
"Population, total",SP.POP.TOTL,Denmark,DNK,5045297,5059862,5072596,5088419,5104248,5116801,5123027,5121572,5117810,5114297,5111619,5113691,5120534,5127024,5129516,5132594,5140939,5154298,5171370,5188628,5206180,5233373,5263074,5284991,5304219,5321799,5339616,5358783,5375931,5390574,5404523,5419432,5437272,5461438,5493621,5523095,5547683,5570572,5591572,5614932,5643475,5676002
"Population, total",SP.POP.TOTL,Djibouti,DJI,205157,224182,248619,277622,308213,336254,358960,374683,384743,392908,404589,423470,451068,485565,523266,558810,588356,610679,627063,639215,649878,661076,673202,685644,698256,710652,722562,734088,745459,756656,767644,778406,788941,799309,809639,820097,830802,841802,853069,864554,876174,887861
"Population, total",SP.POP.TOTL,Dominican Republic,DOM,5019471,5149934,5280727,5411867,5543520,5675930,5809271,5943591,6078816,6214857,6351572,6488857,6626544,6764623,6903314,7042940,7183646,7325622,7468551,7611463,7753052,7892420,8029114,8163474,8296375,8429116,8562623,8697127,8832286,8967759,9102997,9237565,9371333,9504336,9636491,9767737,9897983,10027140,10155036,10281408,10405943,10528391
"Population, total",SP.POP.TOTL,East Asia & Pacific,EAS,1415351115,1442569738,1466838266,1489758534,1512554064,1535753338,1558472173,1581903755,1607549234,1633141623,1657498383,1682528269,1709258866,1737476308,1765937284,1793758539,1820616892,1846419035,1870516977,1893718374,1916928717,1939958969,1962650225,1984871945,2006354328,2026515698,2045729346,2064266243,2081848420,2098602000,2114743503,2130541816,2146013429,2160761464,2175670361,2190185797,2204613382,2219109404,2233936812,2248920288,2264064351,2279186469
"Population, total",SP.POP.TOTL,Ecuador,ECU,6798205,6987393,7179399,7374235,7571953,7772652,7976449,8183194,8392935,8606214,8823746,9045977,9272905,9504132,9739179,9977380,10218085,10460988,10705670,10951200,11196476,11440576,11683480,11924991,12163887,12398691,12628596,12852753,13072056,13289600,13509645,13735232,13967490,14205479,14447600,14691310,14934692,15177280,15419493,15661312,15902916,16144363
"Population, total",SP.POP.TOTL,"Egypt, Arab Rep.",EGY,37815578,38624410,39478585,40377668,41324806,42321740,43369552,44465918,45610430,46807221,48061546,49373806,50748187,52173840,53617678,55035937,56397273,57689828,58922018,60108373,61272847,62434527,63595629,64754566,65922626,67112877,68334905,69599945,70908710,72247626,73596068,74942115,76274285,77605327,78976122,80442443,82040994,83787634,85660902,87613909,89579670,91508084
"Population, total",SP.POP.TOTL,El Salvador,SLV,4053958,4147525,4239205,4328817,4415625,4498757,4577683,4652058,4722272,4789472,4855280,4920932,4986528,5051885,5117577,5184221,5252082,5321576,5392142,5461834,5528012,5588743,5643363,5692300,5736075,5775660,5811836,5844738,5874301,5900929,5925089,5947206,5967556,5986414,6004199,6021368,6038306,6055208,6072233,6089644,6107706,6126583
"Population, total",SP.POP.TOTL,Equatorial Guinea,GNQ,249587,238240,228491,220352,215284,215014,220605,232934,251301,273199,295090,314407,330247,343290,354488,365451,377363,390381,404081,418409,433197,448332,463844,479836,496330,513347,530896,549007,567664,586772,606201,625866,645718,665798,686223,707155,728710,750918,773729,797082,820885,845060
"Population, total",SP.POP.TOTL,Eritrea,ERI,2013382,2070145,2128597,2188806,2251129,2316054,2383858,2453689,2525005,2598626,2675717,2756493,2843141,2933871,3020278,3091083,3139083,3160644,3160617,3150811,3147871,3164095,3202598,3260612,3337227,3429656,3535156,3655006,3788532,3928408,4064958,4191273,4304440,4406299,4500638,4593549,4689664,4789568,4892233,4998824,5110444,5227791
"Population, total",SP.POP.TOTL,Estonia,EST,1418169,1429352,1439576,1450211,1460188,1468333,1477219,1487666,1498414,1508745,1518617,1528781,1540190,1552221,1561900,1568131,1569174,1561314,1533091,1494128,1462514,1436634,1415594,1399535,1386156,1380620,1396985,1388115,1379350,1370720,1362550,1354775,1346810,1340680,1337090,1334515,1331475,1327439,1322696,1317997,1314545,1311998
"Population, total",SP.POP.TOTL,Ethiopia,ETH,31855294,32568539,33144537,33614153,34053431,34569428,35239974,36093319,37109517,38259376,39493503,40775997,42097111,43470219,44908705,46433604,48057094,49784987,51602776,53477944,55366517,57237226,59076414,60893264,62707547,64550161,66443603,68393128,70391170,72432290,74506974,76608431,78735675,80891968,83079608,85302099,87561814,89858696,92191211,94558374,96958732,99390750
"Population, total",SP.POP.TOTL,Europe & Central Asia,ECS,761444994,767114225,772656242,777946308,783260461,788456015,793795423,799120587,803884347,808473556,813273557,818181288,823227203,828312655,833439109,838607561,842972172,846287676,849687540,852686641,854538617,856060572,857263836,858641127,859721023,860892312,861989674,863492336,865189443,867472980,870067822,872720228,875415605,878428497,881925905,885580688,889077523,892816142,895050287,900863153,903987814,907944124
"Population, total",SP.POP.TOTL,Fiji,FJI,565386,576592,587523,598258,609348,621541,635256,650957,668196,685389,700366,711663,718548,721725,722918,724624,728626,735469,744534,755024,765666,775498,784479,792859,800314,806494,811223,814215,815691,816626,818355,821820,827390,834729,843206,851854,859952,867327,874158,880487,886450,892145
"Population, total",SP.POP.TOTL,Finland,FIN,4690574,4711440,4725664,4738902,4752528,4764690,4779535,4799964,4826933,4855787,4881803,4902206,4918154,4932123,4946481,4964371,4986431,5013740,5041992,5066447,5088333,5107790,5124573,5139835,5153498,5165474,5176209,5188008,5200598,5213014,5228172,5246096,5266268,5288720,5313399,5338871,5363352,5388272,5413971,5438972,5461512,5482013
"Population, total",SP.POP.TOTL,France,FRA,53882416,54252574,54541493,54764462,54947975,55130594,55340782,55585824,55858727,56156284,56470769,56795686,57132691,57482591,57836486,58182702,58512808,58559312,58851216,59106766,59327194,59541900,59753098,59964845,60186291,60496715,60912498,61357431,61805267,62244884,62704897,63179356,63621376,64016229,64374990,64707044,65027512,65342776,65659790,65972097,66495940,66808385
"Population, total",SP.POP.TOTL,Gabon,GAB,636702,649719,663774,678786,694734,711544,729165,747593,766867,787017,808088,830091,853039,876877,901473,926648,952269,978252,1004598,1031358,1058625,1086449,1114879,1143838,1173114,1202412,1231548,1260435,1289192,1318093,1347524,1377777,1408920,1440902,1473741,1507428,1541936,1577298,1613489,1650351,1687673,1725292
"Population, total",SP.POP.TOTL,"Gambia, The",GMB,505512,521070,536409,551823,567828,585155,604371,625413,648202,673230,701097,732092,766598,804134,843060,881146,916811,949490,979701,1008296,1036627,1065746,1095839,1126786,1159001,1192920,1228863,1267103,1307674,1350345,1394727,1440542,1487731,1536424,1586749,1638899,1693002,1749099,1807108,1866878,1928201,1990924
"Population, total",SP.POP.TOTL,Georgia,GEO,4279500,4311200,4342400,4372100,4397700,4430200,4467700,4504500,4542800,4582900,4622200,4662900,4704500,4743500,4790700,4803300,4802000,4835900,4873500,4911100,4861600,4734000,4616100,4531600,4487300,4452500,4418300,4386400,4357000,4301000,4245000,4190000,4136000,4082000,4030000,3978000,3926000,3875000,3825000,3776000,3727000,3679000
"Population, total",SP.POP.TOTL,Germany,DEU,78967433,78673554,78336950,78159814,78091820,78126350,78288576,78407907,78333366,78128282,77858685,77684873,77720436,77839920,78144619,78751283,79433029,80013896,80624598,81156363,81438348,81678051,81914831,82034771,82047195,82100243,82211508,82349925,82488495,82534176,82516260,82469422,82376451,82266372,82110097,81902307,81776930,81797673,80425823,82132753,80982500,81413145
"Population, total",SP.POP.TOTL,Ghana,GHA,9604280,9831409,10023471,10189889,10354490,10550770,10802025,11117608,11488112,11895130,12311166,12716238,13103975,13480381,13852597,14232493,14628260,15042736,15471527,15907244,16339344,16760991,17169214,17568583,17969006,18384426,18824994,19293804,19788181,20305396,20840493,21389514,21951891,22528041,23115919,23713164,24317734,24928503,25544565,26164432,26786598,27409893
"Population, total",SP.POP.TOTL,Greece,GRC,8962022,9046541,9188150,9308479,9429959,9548258,9642505,9729350,9789513,9846627,9895801,9934300,9967213,10000595,10036983,10089498,10196792,10319927,10399061,10460415,10512922,10562153,10608800,10661259,10720509,10761698,10805808,10862132,10902022,10928070,10955141,10987314,11020362,11048473,11077841,11107017,11121341,11104899,11045011,10965211,10892413,10823732
"Population, total",SP.POP.TOTL,Guatemala,GTM,6069077,6237963,6408029,6579710,6754258,6933492,7118628,7310397,7508161,7710142,7913814,8117499,8320498,8523785,8729406,8940285,9158547,9385000,9619113,9860063,10106463,10357354,10612300,10871786,11136814,11408815,11688660,11976725,12272208,12573346,12877711,13183505,13490041,13797629,14106687,14418033,14732261,15049280,15368759,15690793,16015494,16342897
"Population, total",SP.POP.TOTL,Guinea,GIN,4340748,4359735,4376768,4393551,4416074,4451872,4506559,4584305,4684992,4804740,4937230,5078689,5223553,5375058,5548270,5763843,6034082,6367110,6751394,7155564,7536389,7863033,8124799,8331366,8497582,8647336,8799165,8955756,9114287,9281572,9464771,9669023,9898301,10152521,10427356,10715770,11012406,11316351,11628767,11948726,12275527,12608590
"Population, total",SP.POP.TOTL,Guinea-Bissau,GNB,764974,778482,791959,805481,819371,834068,849886,866947,885166,904391,924378,944941,966039,987718,1009967,1032797,1056208,1080191,1104708,1129706,1155111,1180877,1207006,1233520,1260424,1287727,1315455,1343646,1372367,1401716,1431816,1462784,1494603,1527342,1561293,1596832,1634196,1673509,1714620,1757138,1800513,1844325
"Population, total",SP.POP.TOTL,Guyana,GUY,730227,740167,751008,762445,773227,781677,786614,787728,785466,780367,773302,765043,755598,745149,734872,726237,720282,717502,717621,719910,723230,726695,730193,733854,737316,740189,742218,743163,743107,742537,742162,742495,743705,745638,748096,750749,753362,755883,758410,761033,763893,767085
"Population, total",SP.POP.TOTL,Haiti,HTI,5047948,5140357,5238242,5341418,5450550,5566265,5688832,5818673,5955265,6096690,6240330,6384196,6527545,6670566,6813344,6956301,7099733,7243391,7386974,7530703,7674911,7819806,7965548,8111954,8258484,8404396,8549202,8692564,8834739,8976555,9119182,9263409,9409479,9556958,9705130,9852953,9999617,10144890,10288828,10431249,10572029,10711067
"Population, total",SP.POP.TOTL,Honduras,HND,3015606,3107735,3204883,3306988,3413426,3523283,3635862,3750843,3868296,3988371,4111369,4237436,4366401,4497875,4631491,4766802,4903363,5041050,5179557,5318042,5455481,5591136,5724587,5855946,5985675,6114534,6243080,6371304,6499001,6626304,6753352,6880181,7007029,7133737,7259470,7383098,7503875,7621414,7736131,7849059,7961680,8075060
"Population, total",SP.POP.TOTL,Hungary,HUN,10478720,10540525,10598677,10648031,10684822,10704152,10711122,10711848,10705535,10689463,10668095,10648713,10630564,10612741,10596487,10481719,10373988,10373400,10369341,10357523,10343355,10328965,10311238,10290486,10266570,10237530,10210971,10187576,10158608,10129552,10107146,10087065,10071370,10055780,10038188,10022650,10000023,9971727,9920362,9893082,9866468,9844686
"Population, total",SP.POP.TOTL,Iceland,ISL,215209,217979,220154,221799,223537,225735,228138,230755,233860,236977,239511,241405,243180,245859,249740,252852,254826,257797,261057,263725,266021,267468,268916,271128,274047,277381,281205,284968,287523,289521,292074,296734,303782,311566,317414,318499,318041,319014,320716,323764,327386,330823
"Population, total",SP.POP.TOTL,India,IND,607446519,621703641,636182810,650907559,665936435,681358553,697229745,713561406,730303461,747374856,764664278,782085127,799607235,817232241,834944397,852736160,870601776,888513869,906461358,924475633,942604211,960874982,979290432,997817250,1016402907,1034976626,1053481072,1071888190,1090189358,1108369577,1126419321,1144326293,1162088305,1179685631,1197070109,1214182182,1230984504,1247446011,1263589639,1279498874,1295291543,1311050527
"Population, total",SP.POP.TOTL,Indonesia,IDN,127465232,130724118,134010695,137322122,140665859,144053516,147490366,150978841,154506266,158044343,161555584,165012195,168402027,171728916,175000919,178233231,181436821,184614740,187762097,190873248,193939912,196957845,199926615,202853850,205753493,208644079,211540428,214448301,217369087,220307809,223268606,226254703,229263980,232296830,235360765,238465165,241613126,244808254,248037853,251268276,254454778,257563815
"Population, total",SP.POP.TOTL,"Iran, Islamic Rep.",IRN,31784896,32730555,33739231,34814231,35977589,37256771,38668222,40209077,41862373,43610506,45429019,47290793,49205577,51152122,53035939,54735239,56169196,57288039,58130099,58811858,59501292,60318632,61306632,62426086,63616065,64780362,65850062,66812736,67696677,68522074,69321953,70122115,70923164,71720859,72530693,73370982,74253373,75184322,76156975,77152445,78143644,79109272
"Population, total",SP.POP.TOTL,Iraq,IRQ,11312304,11684585,12068195,12460997,12859226,13257910,13653358,14046273,14437661,14824876,15204746,15576396,15937864,16293719,16657708,17048167,17478455,17952909,18468521,19021967,19606895,20217759,20855408,21519356,22200835,22888600,23574751,24258794,24943793,25630426,26320530,27017712,27716983,28423538,29163327,29970634,30868156,31867758,32957622,34107366,35273293,36423395
"Population, total",SP.POP.TOTL,Ireland,IRL,3137500,3189550,3238050,3282200,3329100,3373750,3412800,3453000,3485800,3510600,3532423,3538082,3539690,3540057,3524949,3511009,3513974,3534235,3558430,3576261,3590386,3608841,3637510,3674171,3712696,3754786,3805174,3866243,3931947,3996521,4070262,4159914,4273591,4398942,4489544,4535375,4560155,4576794,4586897,4598294,4617225,4640703
"Population, total",SP.POP.TOTL,Israel,ISR,3377000,3455000,3533000,3613000,3690000,3786000,3878000,3956000,4031000,4105000,4159000,4233000,4299000,4369000,4442000,4518000,4660000,4949000,5123000,5261000,5399000,5545000,5692000,5836000,5971000,6125000,6289000,6439000,6570000,6689700,6809000,6930100,7053700,7180100,7308800,7485600,7623600,7765800,7910500,8059500,8215700,8380400
"Population, total",SP.POP.TOTL,Italy,ITA,55110868,55441001,55718260,55955411,56155143,56317749,56433883,56501675,56543548,56564074,56576718,56593071,56596155,56601931,56629288,56671781,56719240,56758521,56797087,56831821,56843400,56844303,56860281,56890372,56906744,56916317,56942108,56974100,57059007,57313203,57685327,57969484,58143979,58438310,58826731,59095365,59277417,59379449,59539717,60233948,60789140,60802085
"Population, total",SP.POP.TOTL,Jamaica,JAM,1985852,2013000,2037716,2059399,2080307,2104141,2133000,2162300,2200100,2240800,2279900,2311100,2335800,2350600,2356400,2374900,2390000,2406042,2423044,2441024,2460002,2480000,2509923,2534069,2556780,2574289,2589389,2605556,2615253,2624695,2634145,2643601,2653042,2662481,2671934,2681386,2690824,2699838,2707805,2714669,2720554,2725941
"Population, total",SP.POP.TOTL,Japan,JPN,110162000,111940000,112771000,113863000,114898000,115870000,116782000,117648000,118449000,119259000,120018000,120754000,121492000,122091000,122613000,123116000,123537000,123921000,124229000,124536000,124961000,125439000,125757000,126057000,126400000,126631000,126843000,127149000,127445000,127718000,127761000,127773000,127854000,128001000,128063000,128047000,128070000,127817277,127561489,127338621,127131800,126958472
"Population, total",SP.POP.TOTL,Jordan,JOR,1929939,1985121,2039114,2091716,2146662,2208562,2280670,2365665,2462968,2568582,2676515,2782885,2884065,2982349,3086664,3209466,3358453,3538663,3743944,3957221,4154813,4320158,4448113,4545248,4621329,4691402,4767476,4850227,4938935,5042538,5171633,5332982,5530218,5759424,6010035,6266865,6517912,6760371,6994451,7214832,7416083,7594547
"Population, total",SP.POP.TOTL,Kazakhstan,KAZ,13577049,13756789,13920105,14070681,14215111,14362417,14518924,14683789,14853993,15030495,15214051,15403006,15600928,15801753,15982510,16249500,16348000,16450500,16439095,16330419,16095199,15815626,15577894,15333703,15071300,14928426,14883626,14858335,14858948,14909018,15012985,15147029,15308084,15484192,15674000,16092701,16321581,16556600,16791425,17035275,17289224,17544126
"Population, total",SP.POP.TOTL,Kenya,KEN,12997447,13486241,13995974,14527187,15081598,15661414,16267906,16901181,17559778,18241331,18942599,19660713,20393724,21140344,21899004,22668238,23446229,24234087,25029754,25824736,26608089,27373035,28116027,28842245,29564614,30301240,31065820,31863280,32691980,33551079,34437460,35349040,36286015,37250540,38244442,39269988,40328313,41419954,42542978,43692881,44863583,46050302
"Population, total",SP.POP.TOTL,Kiribati,KIR,54382,55169,55980,56815,57664,58509,59340,60137,60918,61760,62768,64006,65519,67262,69104,70863,72411,73698,74773,75722,76674,77727,78907,80190,81556,82969,84406,85858,87343,88892,90545,92329,94257,96310,98437,100566,102648,104662,106620,108544,110470,112423
"Population, total",SP.POP.TOTL,Kosovo,XKX,1339000,1369000,1400000,1430000,1460000,1491000,1521000,1552000,1582000,1614000,1647000,1682000,1717000,1753000,1791000,1827000,1862000,1898000,1932000,1965000,1997000,2029000,2059000,2086000,1966000,1762000,1700000,1701154,1702310,1703466,1704622,1705780,1719536,1733404,1747383,1761474,1775680,1790957,1805200,1818117,1812771,1797151
"Population, total",SP.POP.TOTL,Kyrgyz Republic,KGZ,3223900,3292400,3358700,3423900,3487100,3552000,3617400,3685800,3759300,3838300,3916400,3990300,4066500,4144600,4218400,4307500,4391200,4463600,4515400,4516700,4515100,4560400,4628400,4696400,4769000,4840400,4898400,4945100,4990700,5043300,5104700,5162600,5218400,5268400,5318700,5383300,5447900,5514600,5607200,5719600,5835500,5957000
"Population, total",SP.POP.TOTL,Lao PDR,LAO,2987544,3047864,3094940,3131492,3164146,3202270,3252701,3317570,3395113,3483492,3579370,3680145,3785230,3895066,4009121,4126935,4247839,4371549,4496971,4621685,4742685,4857774,4966303,5068658,5165072,5256207,5342879,5424701,5502340,5579003,5658894,5745012,5838837,5939634,6045439,6153153,6260544,6366909,6473050,6579985,6689300,6802023
"Population, total",SP.POP.TOTL,Latin America & Caribbean,LCN,317489876,325130543,332828460,340579992,348401844,356299231,364281964,372341418,380478713,388666253,396882210,405096423,413306622,421504828,429683476,437859510,446014681,454134571,462218401,470281397,478328837,486362102,494403039,502409290,510376571,518208411,525907201,533470758,540906214,548247528,555537969,562806404,570053899,577273042,584461446,591604073,598690163,605694637,612638376,619513507,626285603,632959079
"Population, total",SP.POP.TOTL,Latvia,LVA,2437186,2456130,2470989,2485073,2497921,2505953,2511701,2519421,2531080,2546011,2562047,2578873,2599892,2626583,2653434,2666955,2663151,2650581,2614338,2563290,2520742,2485056,2457222,2432851,2410019,2390482,2367550,2337170,2310173,2287955,2263122,2238799,2218357,2200325,2177322,2141669,2097555,2059709,2034319,2012647,1993782,1978440
"Population, total",SP.POP.TOTL,Lesotho,LSO,1122484,1149090,1177975,1208836,1241159,1274216,1307403,1340694,1374044,1406818,1438248,1467856,1495101,1520244,1544580,1569936,1597534,1627900,1660360,1693459,1725118,1753824,1779201,1801695,1821632,1839631,1856225,1871489,1885488,1898778,1912042,1925844,1940345,1955656,1972194,1990413,2010586,2032950,2057331,2083061,2109197,2135022
"Population, total",SP.POP.TOTL,Liberia,LBR,1582584,1628656,1676016,1724313,1775200,1830963,1892529,1961795,2036325,2107523,2163835,2197442,2206867,2196204,2170426,2137018,2102877,2066060,2028672,2006349,2019148,2079921,2197801,2365290,2558085,2741755,2891968,2998770,3070673,3124222,3184643,3269786,3384804,3522337,3672782,3821498,3957990,4079574,4190155,4293692,4396554,4503438
"Population, total",SP.POP.TOTL,Lithuania,LTU,3273894,3301652,3328664,3355036,3379514,3397842,3413202,3432947,3457179,3485192,3514205,3544543,3578914,3616367,3655049,3684255,3697838,3704134,3700114,3682613,3657144,3629102,3601613,3575137,3549331,3524238,3499536,3470818,3443067,3415213,3377075,3322528,3269909,3231294,3198231,3162916,3097282,3028115,2987773,2957689,2932367,2910199
"Population, total",SP.POP.TOTL,Low & middle income,LMY,3105316051,3171437799,3237021494,3302089933,3368262462,3435930618,3504520730,3574775320,3648412010,3723177772,3798059443,3874692197,3953806792,4035176743,4117287193,4198919913,4281091644,4360006679,4437302203,4513614318,4589656631,4665448284,4741190324,4817080259,4892461159,4966815693,5040565572,5113277261,5185077870,5257090524,5329272591,5401724600,5474179013,5546493627,5619625334,5693949714,5769206886,5845581661,5922876751,6001164310,6080182833,6159443196
"Population, total",SP.POP.TOTL,Low income,LIC,216504309,221936253,227468025,233103356,238828284,244624718,250488773,256415591,262436928,268631460,275102794,281929614,289134456,296710433,304668356,313010644,321732573,330859667,340381945,350214780,360242918,370388264,380614813,390959022,401504632,412373685,423655372,435383252,447534597,460075083,472947363,486113306,499559269,513311068,527415958,541939703,556926383,572393050,588316015,604648276,621322015,638286288
"Population, total",SP.POP.TOTL,Lower middle income,LMC,1307363461,1338536946,1370554174,1403405869,1437186461,1472000213,1507845249,1544521899,1582199139,1620721765,1659880097,1699641522,1739982872,1780743196,1821764134,1862914881,1905832740,1946835397,1987933397,2028791196,2069485613,2110085677,2150734236,2191409043,2231891456,2272160782,2312488976,2352812601,2393060046,2433405412,2473856010,2514348032,2554924913,2595645346,2636521964,2677558873,2719003012,2760562037,2801879869,2843404367,2885248344,2927414098
"Population, total",SP.POP.TOTL,Luxembourg,LUX,355050,358950,360731,361358,362007,362856,364150,365225,365525,365622,365998,366706,368355,370750,373450,377100,381850,387000,392175,397475,402925,408625,414225,419450,424700,430475,436300,441525,446175,451630,458095,465158,472637,479993,488650,497783,506953,518347,530946,543360,556319,569676
"Population, total",SP.POP.TOTL,"Macedonia, FYR",MKD,1784395,1803009,1825554,1851068,1877687,1902718,1924194,1941445,1954990,1965488,1974069,1981532,1988401,1994368,1998471,1999338,1996227,1988458,1977033,1964924,1956165,1953544,1958303,1969345,1984242,1999362,2012051,2021585,2028706,2033974,2038444,2042894,2047330,2051427,2055266,2058920,2062443,2065888,2069270,2072543,2075625,2078453
"Population, total",SP.POP.TOTL,Madagascar,MDG,7360271,7575757,7799642,8031589,8268902,8507958,8746516,8983494,9220693,9462343,9714342,9981113,10264368,10563491,10877757,11205548,11545782,11898267,12263899,12643864,13039754,13452526,13882646,14329239,14790245,15262817,15744811,16235767,16736029,17245275,17763367,18290394,18826129,19371031,19926798,20495706,21079532,21678867,22293720,22924557,23571713,24235390
"Population, total",SP.POP.TOTL,Malawi,MWI,5141138,5292816,5454839,5627788,5807170,5986639,6163225,6327344,6483571,6659453,6892527,7205635,7617137,8108484,8620942,9073088,9408998,9604199,9682918,9697635,9725612,9822812,10006767,10260421,10563554,10882543,11193230,11491824,11788731,12090476,12407618,12747846,13112383,13498377,13904671,14329056,14769824,15226813,15700436,16190126,16695253,17215232
"Population, total",SP.POP.TOTL,Malaysia,MYS,12025930,12311782,12599655,12891715,13191699,13504433,13833739,14180093,14543585,14926976,15333369,15764340,16221767,16703500,17202032,17707064,18211097,18709835,19204700,19700762,20205992,20725374,21260881,21808125,22358128,22898579,23420751,23920963,24401977,24869423,25332026,25796124,26263048,26730607,27197419,27661017,28119500,28572970,29021940,29465372,29901997,30331007
"Population, total",SP.POP.TOTL,Maldives,MDV,132122,136434,140582,144645,148797,153285,158282,163834,169861,176258,182864,189551,196283,203059,209832,216553,218000,227000,234000,242000,245000,255000,262000,264000,271000,280000,286000,292000,297000,304000,312000,321000,333000,349000,362000,360000,367000,377000,385000,393000,401000,409163
"Population, total",SP.POP.TOTL,Mali,MLI,6368351,6482276,6596817,6712545,6831530,6956779,7090125,7233877,7386669,7542377,7692537,7831891,7957390,8073178,8189984,8322726,8482075,8672581,8891141,9131449,9383608,9640643,9901045,10168000,10444822,10736542,11046926,11376094,11723017,12088867,12474857,12881384,13309942,13759226,14223403,14694565,15167286,15639115,16112333,16592097,17086022,17599694
"Population, total",SP.POP.TOTL,Mauritania,MRT,1290755,1328687,1367640,1407621,1448664,1490811,1534085,1578585,1624310,1671080,1718641,1766855,1815692,1865356,1916240,1968870,2023665,2080782,2140250,2202201,2266745,2333966,2403779,2476188,2551429,2629806,2711421,2796502,2884672,2974686,3064882,3154087,3241762,3328285,3414552,3501927,3591400,3683221,3777067,3872684,3969625,4067564
"Population, total",SP.POP.TOTL,Mauritius,MUS,878042,892000,906507,921379,933499,949888,966039,980462,992521,1001691,1012221,1020528,1028360,1036082,1043239,1051260,1058775,1070266,1084441,1097374,1112846,1122457,1133996,1148284,1160421,1175267,1186873,1196287,1204621,1213370,1221003,1228254,1233996,1239630,1244121,1247429,1250400,1252404,1255882,1258653,1260934,1262605
"Population, total",SP.POP.TOTL,Mexico,MEX,59090495,60872399,62620087,64337694,66025613,67688533,69330974,70950741,72547995,74133377,75721210,77322643,78939441,80571067,82223153,83901643,85609404,87347208,89110043,90887097,92663664,94426946,96181710,97925825,99632299,101266570,102808590,104239563,105578297,106888418,108257822,109747906,111382857,113139374,114972821,116815612,118617542,120365271,122070963,123740109,125385833,127017224
"Population, total",SP.POP.TOTL,"Micronesia, Fed. Sts.",FSM,62477,63146,64386,66110,68221,70550,72967,75462,78057,80678,83242,85689,87948,90024,92020,94091,96331,98800,101412,103937,106057,107556,108342,108506,108236,107808,107430,107170,106983,106816,106575,106198,105680,105080,104472,103961,103619,103476,103516,103718,104044,104460
"Population, total",SP.POP.TOTL,Middle East & North Africa,MEA,154655451,159062409,163721499,168635082,173827674,179347175,185183207,191326246,197762395,204428624,211185701,218133868,225163130,232203177,239177696,245912541,254531443,261076814,265336498,271312554,277344152,284973163,290950450,296986652,303006934,309069358,315122478,321163368,327207928,333373436,339823622,346657300,353917337,361549578,369452647,377485338,385417024,393274154,401032763,408731939,416401841,424065257
"Population, total",SP.POP.TOTL,Middle income,MIC,2888811742,2949501546,3009553469,3068986577,3129434178,3191305900,3254031957,3318359729,3385975082,3454546312,3522956649,3592762583,3664672336,3738466310,3812618837,3885909269,3959359071,4029147012,4096920258,4163399538,4229413713,4295060020,4360575511,4426121237,4490956527,4554442008,4616910200,4677894009,4737543273,4797015441,4856325228,4915611294,4974619744,5033182559,5092209376,5152010011,5212280503,5273188611,5334560736,5396516034,5458860818,5521156908
"Population, total",SP.POP.TOTL,Moldova,MDA,3215000,3251000,3284000,3312000,3339000,3366000,3396000,3429000,3464000,3500000,3536000,3570000,3602000,3633000,3660000,3681000,3696000,3704000,3706000,3701000,3691000,3675099,3667748,3654208,3652732,3647001,3639592,3631462,3623062,3612874,3603945,3595187,3585209,3576910,3570108,3565604,3562045,3559986,3559519,3558566,3556397,3554150
"Population, total",SP.POP.TOTL,Mongolia,MNG,1438423,1479650,1520865,1562212,1603908,1646291,1689622,1733479,1777727,1823215,1871087,1921885,1976311,2033345,2089716,2141006,2184145,2217920,2243506,2263204,2280495,2298038,2316571,2335694,2355588,2376165,2397438,2419729,2443503,2469045,2496621,2526447,2558484,2592776,2629666,2669572,2712657,2759074,2808339,2859174,2909871,2959134
"Population, total",SP.POP.TOTL,Montenegro,MNE,538902,546487,552562,557576,562065,566888,572608,579445,587001,594506,600884,605398,607711,608144,607413,606571,606372,607105,608516,610170,611389,611712,611003,609520,607662,606001,604950,607389,609828,612267,613353,614261,615025,615875,616969,618294,619428,620079,620601,621207,621810,622388
"Population, total",SP.POP.TOTL,Morocco,MAR,17466606,17854614,18262366,18688782,19133462,19595092,20071902,20564359,21070647,21583746,22094516,22596133,23084731,23560825,24027330,24489354,24950128,25410178,25866445,26314339,26747660,27161889,27556892,27934014,28292299,28630973,28950553,29250983,29535591,29812685,30093109,30385479,30691434,31011322,31350544,31714958,32107739,32531964,32984190,33452686,33921203,34377511
"Population, total",SP.POP.TOTL,Mozambique,MOZ,10141147,10405000,10693688,11001909,11320103,11635174,11936379,12228508,12511864,12766859,12968335,13102982,13155271,13142516,13124285,13181941,13371971,13719853,14203987,14775877,15363065,15913101,16410777,16872896,17317376,17774066,18264536,18792357,19348715,19928496,20523159,21126676,21737860,22359637,22994867,23647815,24321457,25016921,25732928,26467180,27216276,27977863
"Population, total",SP.POP.TOTL,Namibia,NAM,881530,905647,928228,949734,970569,991365,1012761,1034446,1056758,1081740,1112044,1149389,1194769,1247186,1303879,1360921,1415447,1466152,1513689,1559480,1605828,1654214,1705349,1758097,1809920,1857320,1897953,1931005,1957749,1980531,2002745,2027026,2053915,2083174,2115703,2152357,2193643,2240161,2291645,2346592,2402858,2458830
"Population, total",SP.POP.TOTL,Nepal,NPL,13028248,13313487,13608670,13913775,14228941,14554356,14890080,15237302,15596012,15963746,16337117,16714335,17091959,17472138,17865238,18285434,18741688,19237322,19765570,20312687,20859421,21390905,21902534,22395247,22866496,23315053,23740145,24140941,24516969,24868900,25198130,25506847,25794344,26063619,26325183,26592666,26875910,27179237,27500515,27834981,28174724,28513700
"Population, total",SP.POP.TOTL,Netherlands,NLD,13545056,13666335,13774037,13856185,13941700,14038270,14149800,14247208,14312690,14367070,14424211,14491632,14572278,14665037,14760094,14848907,14951510,15069798,15184166,15290368,15382838,15459006,15530498,15610650,15707209,15812088,15925513,16046180,16148929,16225302,16281779,16319868,16346101,16381696,16445593,16530388,16615394,16693074,16754962,16804432,16865008,16936520
"Population, total",SP.POP.TOTL,Nicaragua,NIC,2711847,2796748,2884156,2973805,3065118,3157356,3249910,3342666,3435527,3527935,3619252,3709091,3796914,3882940,3968453,4055262,4144564,4236805,4331273,4426577,4520727,4612229,4700777,4786641,4869627,4949661,5026792,5100750,5171736,5240876,5309703,5379327,5450217,5522119,5594524,5666595,5737722,5807787,5877034,5945646,6013913,6082032
"Population, total",SP.POP.TOTL,Niger,NER,5026744,5171029,5320869,5476206,5635954,5798584,5963159,6129762,6299343,6472971,6652110,6838170,7031675,7233482,7445788,7671233,7911884,8168834,8442330,8732500,9039088,9361912,9701730,10058960,10432657,10821434,11224523,11642308,12075991,12526725,12996012,13485436,13995530,14527631,15085130,15672194,16291990,16946485,17635782,18358863,19113728,19899120
"Population, total",SP.POP.TOTL,Nigeria,NGA,61857023,63565598,65426976,67425435,69512233,71619216,73698096,75729572,77729802,79729311,81775215,83901570,86118043,88412917,90773613,93179755,95617345,98085436,100592458,103145093,105753088,108424822,111164651,113975055,116860691,119826231,122876723,126014935,129246283,132581484,136033321,139611303,143318011,147152502,151115683,155207145,159424742,163770669,168240403,172816517,177475986,182201962
"Population, total",SP.POP.TOTL,Norway,NOR,3985258,4007313,4026152,4043205,4058671,4072517,4085620,4099702,4114787,4128432,4140099,4152516,4167354,4186905,4209488,4226901,4241473,4261732,4286401,4311991,4336613,4359184,4381336,4405157,4431464,4461913,4490967,4513751,4538159,4564855,4591910,4623291,4660677,4709153,4768212,4828726,4889252,4953088,5018573,5079623,5137232,5195921
"Population, total",SP.POP.TOTL,Pakistan,PAK,64873705,66791496,68818471,70953777,73204087,75575981,78071984,80691701,83427522,86264621,89183159,92165065,95207133,98301647,101420791,104530689,107607639,110634399,113616165,116579605,119564925,122599749,125697651,128845692,132013680,135158132,138250487,141282077,144271586,147251530,150267989,153356383,156524189,159767672,163096985,166520983,170043918,173669648,177392252,181192646,185044286,188924874
"Population, total",SP.POP.TOTL,Panama,PAN,1699114,1745207,1791459,1837887,1884512,1931393,1978575,2026057,2073826,2121921,2170390,2219276,2268619,2318444,2368772,2419618,2471010,2522901,2575330,2628511,2682720,2738125,2794845,2852739,2911383,2970193,3028751,3086887,3144728,3202511,3260611,3319301,3378600,3438398,3498679,3559401,3620506,3681979,3743761,3805683,3867535,3929141
"Population, total",SP.POP.TOTL,Papua New Guinea,PNG,2730859,2809692,2888509,2967620,3047769,3130125,3215483,3304188,3395798,3489402,3583707,3677854,3771578,3865402,3960243,4057406,4157903,4261933,4369407,4480689,4596131,4715929,4840311,4969116,5101633,5236863,5374051,5512835,5653284,5795571,5940048,6086905,6236158,6387470,6540267,6693799,6847517,7001172,7154870,7308864,7463577,7619321
"Population, total",SP.POP.TOTL,Paraguay,PRY,2723523,2790964,2861582,2935375,3012833,3094479,3180628,3271454,3366726,3465796,3567750,3671826,3777764,3885433,3994328,4103909,4213740,4323402,4432738,4541902,4651222,4760853,4870695,4980346,5089306,5196935,5302703,5406625,5508615,5607948,5703742,5795493,5882797,5966160,6047131,6127847,6209877,6293763,6379162,6465669,6552518,6639123
"Population, total",SP.POP.TOTL,Peru,PER,14832839,15229951,15639898,16061327,16491087,16924758,17359118,17792551,18225727,18660443,19099575,19544950,19996250,20451712,20909897,21368856,21826658,22283130,22737056,23184222,23619358,24038761,24441076,24827409,25199744,25561297,25914875,26261363,26601463,26937737,27273188,27610406,27949958,28292768,28642048,29001563,29373644,29759891,30158768,30565461,30973148,31376670
"Population, total",SP.POP.TOTL,Philippines,PHL,40149959,41295129,42461189,43650333,44866279,46113992,47396966,48715592,50068493,51455037,52873979,54323651,55803915,57312794,58844392,60391168,61947340,63509940,65078901,66654954,68240134,69835713,71437381,73042605,74656228,76285225,77932247,79604541,81294378,82971734,84596249,86141373,87592899,88965508,90297115,91641881,93038902,94501233,96017322,97571676,99138690,100699395
"Population, total",SP.POP.TOTL,Poland,POL,33678899,34015199,34356300,34689050,34965600,35247217,35574150,35898587,36230481,36571808,36904134,37201885,37456119,37668045,37824487,37961529,38110782,38246193,38363667,38461408,38542652,38594998,38624370,38649660,38663481,38660271,38258629,38248076,38230364,38204570,38182222,38165445,38141267,38120560,38125759,38151603,38042794,38063255,38063164,38040196,38011735,37999494
"Population, total",SP.POP.TOTL,Portugal,PRT,8754365,9093470,9355810,9455675,9558250,9661265,9766312,9851362,9911771,9957865,9996232,10023613,10032734,10030031,10019610,10005000,9983218,9960235,9952494,9964675,9991525,10026176,10063945,10108977,10160196,10217828,10289898,10362722,10419631,10458821,10483861,10503330,10522288,10542964,10558177,10568247,10573100,10557560,10514844,10457295,10401062,10348648
"Population, total",SP.POP.TOTL,Romania,ROU,21029429,21293583,21551634,21756096,21951464,22090488,22242653,22415169,22515389,22588790,22655940,22755427,22859269,22949430,23057662,23161458,23201835,23001155,22794284,22763280,22730211,22684270,22619004,22553978,22507344,22472040,22442971,22131970,21730496,21574326,21451748,21319685,21193760,20882982,20537875,20367487,20246871,20147528,20058035,19983693,19908979,19832389
"Population, total",SP.POP.TOTL,Russian Federation,RUS,133432000,134200000,135147000,136100000,137060000,138027000,139010000,139941000,140823000,141668000,142745000,143858000,144894000,145908000,146857000,147721000,148292000,148624000,148689000,148520000,148336000,148375726,148160042,147915307,147670692,147214392,146596557,145976083,145306046,144648257,144067054,143518523,143049528,142805088,142742350,142785342,142849449,142960868,143201676,143506911,143819569,144096812
"Population, total",SP.POP.TOTL,Rwanda,RWA,4226836,4359166,4499720,4648070,4804375,4968628,5140786,5313908,5486431,5669251,5877556,6117966,6410594,6742390,7048075,7239097,7259740,7071393,6712924,6300358,5995987,5912755,6097688,6506118,7047196,7585143,8021875,8329113,8539029,8686469,8828956,9008230,9231041,9481083,9750314,10024594,10293669,10556429,10817350,11078095,11341544,11609666
"Population, total",SP.POP.TOTL,Samoa,WSM,150219,151383,152390,153244,154010,154763,155554,156435,157401,158383,159281,160030,160591,161014,161424,162001,162865,164073,165568,167206,168786,170158,171276,172191,172979,173758,174614,175567,176592,177677,178794,179928,181072,182238,183440,184700,186029,187434,188901,190390,191845,193228
"Population, total",SP.POP.TOTL,Sao Tome and Principe,STP,80670,82607,84889,87436,90095,92652,94953,96947,98692,100285,101871,103557,105364,107264,109268,111373,113575,115900,118346,120849,123318,125694,127946,130110,132284,134602,137164,140003,143085,146357,149732,153146,156584,160064,163595,167196,170880,174646,178484,182386,186342,190344
"Population, total",SP.POP.TOTL,Senegal,SEN,4764623,4900491,5031849,5160313,5289445,5424299,5568651,5723541,5888261,6062682,6246140,6438024,6638186,6846556,7062540,7285378,7514201,7749559,7990736,8234147,8475136,8710746,8939438,9163184,9386923,9617641,9860578,10118078,10389457,10673320,10967016,11268994,11578430,11897230,12229703,12581624,12956791,13357003,13780108,14221041,14672557,15129273
"Population, total",SP.POP.TOTL,Serbia,SRB,7128000,7163000,7214000,7258000,7297000,7332000,7362000,7405000,7440000,7468000,7489000,7504000,7536000,7558000,7572000,7581000,7586000,7595636,7646424,7699307,7734639,7625357,7617794,7596501,7567745,7540401,7516346,7503433,7496522,7480591,7463157,7440769,7411569,7381579,7350222,7320807,7291436,7234099,7199077,7164132,7130576,7098247
"Population, total",SP.POP.TOTL,Seychelles,SYC,58466,59600,60704,61742,62707,63594,64400,65128,65780,66367,66902,67400,67877,68352,68848,69388,70000,70755,71657,72711,73925,75304,76417,77319,78846,80410,81131,81202,83700,82800,82500,82900,84600,85033,86956,87298,89770,87441,88303,89900,91400,92900
"Population, total",SP.POP.TOTL,Sierra Leone,SLE,2709797,2765914,2824827,2886607,2951001,3017670,3086406,3155368,3224346,3296530,3376371,3466044,3569102,3681945,3791078,3878211,3931208,3945899,3929182,3893891,3858559,3837807,3833053,3843472,3878475,3948800,4060709,4220198,4422154,4647701,4870467,5071271,5243214,5391108,5521838,5647194,5775902,5908908,6043157,6178859,6315627,6453184
"Population, total",SP.POP.TOTL,Slovak Republic,SVK,4689623,4739105,4789507,4840501,4890125,4938973,4979815,5016105,5055099,5091971,5127097,5161768,5193838,5222840,5250596,5275942,5299187,5303294,5305016,5325305,5346331,5361999,5373361,5383291,5390516,5396020,5388720,5378867,5376912,5373374,5372280,5372807,5373054,5374622,5379233,5386406,5391428,5398384,5407579,5413393,5418649,5424050
"Population, total",SP.POP.TOTL,Slovenia,SVN,1776132,1793581,1820249,1842377,1862548,1882599,1901315,1906531,1910334,1922321,1932154,1941641,1965964,1989776,1995196,1996351,1998161,1999429,1996498,1991746,1989443,1989872,1988628,1985956,1981629,1983045,1988925,1992060,1994530,1995733,1997012,2000474,2006868,2018122,2021316,2039669,2048583,2052843,2057159,2059953,2061980,2063768
"Population, total",SP.POP.TOTL,Solomon Islands,SLB,186338,193447,200642,207942,215353,222905,230614,238488,246502,254602,262719,270809,278846,286868,294962,303258,311849,320764,329984,339490,349250,359236,369438,379859,390489,401319,412336,423535,434893,446352,457841,469306,480716,492075,503410,514767,526177,537648,549162,560685,572171,583591
"Population, total",SP.POP.TOTL,South Africa,ZAF,24189837,24728000,25268094,25805575,26355319,26940793,27576000,28254655,28971839,29724004,30505361,31307880,32121290,32933081,33728498,34490549,35200000,35933108,36690739,37473796,38283223,39120000,40000247,40926063,41899683,42923485,44000000,44909738,45448096,46034026,46641103,47270063,47921682,48596781,49296223,50020918,50771826,51549958,52356381,53192216,54058647,54956920
"Population, total",SP.POP.TOTL,South Asia,SAS,781254784,799620311,818590962,838141522,858266916,878939779,900085240,921521635,943562470,966023576,988878603,1012099768,1035659508,1059536231,1083705645,1108148042,1132833314,1157752321,1182862267,1208123497,1233480616,1258903823,1284343918,1309774343,1335193652,1360594891,1385959570,1411288216,1436527869,1461601023,1486402311,1510864613,1534949611,1558685624,1582147481,1605443788,1628688562,1651888921,1675019307,1698093032,1721152580,1744161298
"Population, total",SP.POP.TOTL,South Sudan,SSD,4015271,4117299,4222056,4329467,4442665,4565912,4701360,4849708,5007145,5165623,5314358,5444907,5559804,5660153,5735170,5771305,5762190,5698998,5593347,5484372,5425099,5452771,5584223,5806951,6092688,6398416,6692999,6967817,7233237,7499695,7784488,8099908,8445659,8815495,9208598,9623176,10056475,10510122,10980623,11453810,11911184,12339812
"Population, total",SP.POP.TOTL,Spain,ESP,35154338,35530725,35939437,36370050,36872506,37201123,37439035,37740556,37942805,38122429,38278575,38418817,38535617,38630820,38715849,38791473,38850435,38939049,39067745,39189400,39294967,39387017,39478186,39582413,39721108,39926268,40263216,40756001,41431558,42187645,42921895,43653155,44397319,45226803,45954106,46362946,46576897,46742697,46773055,46620045,46480882,46418269
"Population, total",SP.POP.TOTL,Sri Lanka,LKA,13284000,13496000,13717000,13942000,14190000,14472000,14747000,14847000,15096000,15339000,15583000,15831000,16083000,16339000,16593000,16841000,17078000,17306000,17524000,17728000,17912000,18074000,18210000,18323000,18425000,18532000,18655000,18797000,18939000,19083000,19227000,19373000,19520000,19668000,19817000,19967000,20118000,20270000,20424000,20579000,20771000,20966000
"Population, total",SP.POP.TOTL,St. Lucia,LCA,108534,109770,111211,112826,114551,116292,117984,119593,121150,122738,124468,126416,128620,131032,133532,135954,138180,140159,141934,143592,145262,147040,148962,150994,153066,155073,156949,158650,160218,161767,163462,165407,167656,170146,172729,175196,177397,179278,180890,182305,183645,184999
"Population, total",SP.POP.TOTL,Sub-Saharan Africa,SSF,324316627,333222446,342489556,352109622,362076216,372390972,383043891,394021126,405328909,416982682,429008541,441414277,454197298,467337821,480809661,494580339,508616039,523007873,537759561,552842678,568228356,583892679,599858645,616161312,632857149,650030484,667742098,685795280,704004105,722832202,742309449,762476790,783357641,804950450,827239671,850190286,873780170,897998530,922855109,948322378,974371891,1000980981
"Population, total",SP.POP.TOTL,Sudan,SDN,11668674,12075841,12506035,12958110,13429688,13917268,14418063,14935471,15470415,16015120,16559205,17097619,17618852,18130501,18669146,19284633,20008804,20861117,21820588,22829227,23805536,24691970,25466387,26149124,26777059,27406808,28079664,28805142,29569978,30365586,31176209,31990003,32809056,33637960,34470138,35297298,36114885,36918193,37712420,38515095,39350274,40234882
"Population, total",SP.POP.TOTL,Suriname,SUR,365104,362651,361368,361053,361463,362137,362777,363309,363993,365242,367611,371469,376973,383916,391851,400133,408276,416068,423572,430901,438280,445830,453653,461569,469108,475637,480751,484210,486271,487641,489312,491999,495953,500953,506657,512522,518141,523439,528535,533450,538248,542975
"Population, total",SP.POP.TOTL,Swaziland,SWZ,501596,517100,533264,550135,567560,585335,603373,621314,639333,658496,680253,705492,734790,767417,801350,833787,862728,887248,907947,926224,944223,963428,984506,1006760,1028694,1048151,1063715,1074765,1082195,1087949,1094775,1104642,1118204,1134853,1153750,1173529,1193148,1212458,1231694,1250641,1269112,1286970
"Population, total",SP.POP.TOTL,Sweden,SWE,8159955,8192437,8222286,8251540,8275599,8293678,8310531,8320503,8325263,8329033,8336605,8350386,8369829,8397804,8436489,8492964,8558835,8617375,8668067,8718561,8780745,8826939,8840998,8846062,8850974,8857874,8872109,8895960,8924958,8958229,8993531,9029572,9080505,9148092,9219637,9298515,9378126,9449213,9519374,9600379,9696110,9798871
"Population, total",SP.POP.TOTL,Switzerland,CHE,6341405,6338632,6302504,6281174,6281738,6294365,6319408,6354074,6391309,6418773,6441865,6470365,6504124,6545106,6593386,6646912,6715519,6799978,6875364,6938265,6993795,7040687,7071850,7088906,7110001,7143991,7184250,7229854,7284753,7339001,7389625,7437115,7483934,7551117,7647675,7743831,7824909,7912398,7996861,8089346,8188649,8286976
"Population, total",SP.POP.TOTL,Syrian Arab Republic,SYR,7311685,7564000,7822610,8088148,8363346,8651904,8956156,9277263,9613517,9960833,10313485,10667245,11020718,11374772,11730217,12088714,12451539,12817578,13186187,13559642,13941025,14331962,14736209,15151962,15568797,15972430,16354050,16694414,16997521,17304339,17671913,18132842,18728200,19425597,20097057,20566871,20720602,20501167,19978756,19322593,18772481,18502413
"Population, total",SP.POP.TOTL,Tajikistan,TJK,3313144,3412819,3511050,3608761,3707624,3809991,3917642,4030104,4146923,4269775,4400743,4540688,4690913,4849253,5008827,5160375,5297286,5417554,5523207,5616797,5702611,5784330,5862224,5936780,6012308,6094126,6186152,6290413,6406518,6532871,6666628,6805655,6949566,7099021,7254072,7414960,7581696,7753925,7930929,8111894,8295840,8481855
"Population, total",SP.POP.TOTL,Tanzania,TZA,15477155,15980265,16493435,17018013,17556148,18110990,18684893,19279543,19894677,20528465,21178079,21842087,22516809,23204186,23914852,24663284,25458208,26307482,27203865,28122799,29030288,29903329,30733937,31533781,32323953,33135281,33991590,34899062,35855480,36866228,37935334,39065600,40260847,41522004,42844744,44222113,45648525,47122998,48645709,50213457,51822621,53470420
"Population, total",SP.POP.TOTL,Thailand,THA,41259539,42334954,43386846,44416007,45423442,46412310,47385325,48336894,49265597,50183106,51105438,52041468,53002775,53979503,54933561,55812794,56582824,57225972,57761574,58237672,58722767,59266089,59878955,60544937,61250974,61973957,62693322,63415174,64136669,64817254,65404522,65863973,66174486,66353572,66453255,66548197,66692024,66902958,67164130,67451422,67725979,67959359
"Population, total",SP.POP.TOTL,Timor-Leste,TLS,661528,661634,650490,630151,606295,586886,577580,580556,593937,614379,636670,657018,674128,689170,703696,720198,740231,764884,792846,820471,842752,856439,859496,853867,845106,841063,847185,865848,894837,929431,962634,979201,996052,1013194,1030630,1048367,1066409,1120392,1148958,1180069,1212107,1245015
"Population, total",SP.POP.TOTL,Togo,TGO,2356623,2410446,2464457,2518566,2576468,2642845,2720838,2812071,2915148,3026378,3140355,3252995,3363448,3472459,3579489,3684309,3786942,3886858,3984356,4081398,4180689,4284286,4392941,4506465,4624826,4747665,4874735,5006223,5142419,5283246,5428552,5578219,5732175,5890414,6052937,6219761,6390851,6566179,6745581,6928719,7115163,7304578
"Population, total",SP.POP.TOTL,Trinidad and Tobago,TTO,997052,1011487,1025655,1039757,1054109,1069199,1085308,1102562,1120610,1138673,1155701,1170935,1184053,1195243,1204890,1213625,1221904,1229906,1237486,1244410,1250316,1255001,1258365,1260677,1262544,1264781,1267980,1272383,1277840,1284052,1290535,1296933,1303141,1309260,1315372,1321624,1328095,1334790,1341579,1348240,1354483,1360088
"Population, total",SP.POP.TOTL,Tunisia,TUN,5493722,5611000,5742339,5889693,6049539,6215690,6384000,6555185,6729178,6905136,7042550,7260361,7492633,7684751,7857619,7958694,8154400,8318200,8489900,8572200,8785700,8957500,9089300,9214900,9333300,9455900,9552500,9650600,9748900,9839800,9932400,10029000,10127900,10225100,10328900,10439600,10547100,10673800,10777500,10886500,10996600,11107800
"Population, total",SP.POP.TOTL,Turkey,TUR,38272701,39185637,40100696,41020211,41953105,42912350,43905790,44936836,45997940,47072603,48138191,49178079,50187091,51168841,52126497,53066569,53994605,54909508,55811134,56707454,57608769,58522320,59451488,60394104,61344874,62295617,63240157,64182694,65125766,66060121,66973561,67860617,68704721,69515492,70344357,71261307,72310416,73517002,74849187,76223639,77523788,78665830
"Population, total",SP.POP.TOTL,Turkmenistan,TKM,2452528,2520002,2587417,2655036,2723006,2791575,2861000,2931343,3002785,3075867,3151262,3229499,3310059,3392823,3479088,3570558,3668000,3772350,3881973,3991917,4095512,4188010,4267690,4335991,4395293,4449427,4501419,4551762,4600172,4648036,4696876,4747839,4801594,4858235,4917541,4978960,5041995,5106672,5172941,5240088,5307188,5373502
"Population, total",SP.POP.TOTL,Uganda,UGA,10533627,10827071,11139772,11470741,11817951,12177677,12547754,12927007,13318149,13727427,14163214,14631089,15133740,15668278,16227778,16802258,17384369,17973428,18571527,19177660,19791266,20412967,21041468,21679497,22336812,23026357,23757636,24534668,25355794,26217760,27114742,28042413,29000925,29991958,31014427,32067125,33149417,34260342,35400620,36573387,37782971,39032383
"Population, total",SP.POP.TOTL,Ukraine,UKR,48455120,48758986,49036202,49290087,49525597,49750150,49968811,50221000,50384000,50564000,50754000,50917000,51097000,51293000,51521000,51773000,51892000,52000470,52150266,52179210,51921041,51512299,51057189,50594105,50143939,49673350,49175848,48683865,48202500,47812950,47451600,47105150,46787750,46509350,46258200,46053300,45870700,45706100,45593300,45489600,45362900,45198200
"Population, total",SP.POP.TOTL,United Kingdom,GBR,56229974,56225800,56211968,56193492,56196504,56246951,56314216,56333829,56313641,56332848,56422072,56550268,56681396,56802050,56928327,57076711,57247586,57424897,57580402,57718614,57865745,58019030,58166950,58316954,58487141,58682466,58892514,59119673,59370479,59647577,59987905,60401206,60846820,61322463,61806995,62276270,62766365,63258918,63700300,64128226,64613160,65138232
"Population, total",SP.POP.TOTL,United States,USA,213854000,215973000,218035000,220239000,222585000,225055000,227225000,229466000,231664000,233792000,235825000,237924000,240133000,242289000,244499000,246819000,249623000,252981000,256514000,259919000,263126000,266278000,269394000,272657000,275854000,279040000,282162411,284968955,287625193,290107933,292805298,295516599,298379912,301231207,304093966,306771529,309346863,311718857,314102623,316427395,318907401,321418820
"Population, total",SP.POP.TOTL,Upper middle income,UMC,1581448281,1610964600,1638999295,1665580708,1692247717,1719305687,1746186708,1773837830,1803775943,1833824547,1863076552,1893121061,1924689464,1957723114,1990854703,2022994388,2053526331,2082311615,2108986861,2134608342,2159928100,2184974343,2209841275,2234712194,2259065071,2282281226,2304421224,2325081408,2344483227,2363610029,2382469218,2401263262,2419694831,2437537213,2455687412,2474451138,2493277491,2512626574,2532680867,2553111667,2573612474,2593742810
"Population, total",SP.POP.TOTL,Uruguay,URY,2824069,2830172,2841436,2857107,2875970,2896021,2915775,2935036,2954281,2973461,2992648,3011907,3031032,3049962,3069094,3088985,3109987,3132048,3154853,3178156,3201604,3224807,3248039,3271014,3292134,3309318,3321242,3327105,3327770,3325637,3324096,3325608,3331041,3339750,3350832,3362761,3374414,3385610,3396753,3407969,3419516,3431555
"Population, total",SP.POP.TOTL,Uzbekistan,UZB,13578783,13980997,14374729,14762133,15148932,15543520,15951899,16375135,16810937,17257774,17712992,18174143,18640558,19111312,19583186,20052259,20510000,20952000,21449000,21942000,22377000,22785000,23225000,23667000,24051000,24311650,24650400,24964450,25271850,25567650,25864350,26167000,26488250,26868000,27302800,27767400,28562400,29339400,29774500,30243200,30757700,31299500
"Population, total",SP.POP.TOTL,Vanuatu,VUT,96793,99879,103024,106223,109429,112579,115634,118578,121433,124248,127094,130028,133040,136129,139369,142852,146633,150779,155242,159814,164209,168236,171802,175004,178074,181346,185058,189288,193957,198963,204144,209375,214635,219956,225335,230782,236299,241876,247498,253165,258883,264652
"Population, total",SP.POP.TOTL,"Venezuela, RB",VEN,12994025,13360988,13739142,14127790,14525929,14931741,15343917,15761800,16185895,16617343,17057786,17508059,17968530,18437737,18912431,19388262,19861959,20332247,20799471,21263994,21726808,22188671,22649212,23108003,23565734,24023355,24481477,24940223,25399143,25857553,26314483,26769115,27221228,27670659,28116716,28558607,28995745,29427631,29854238,30276045,30693827,31108083
"Population, total",SP.POP.TOTL,Vietnam,VNM,46918000,48030000,49158000,50295000,51436000,52574000,53700000,54722000,55687000,56655000,57692000,58868000,60249000,61750000,63263000,64774000,66016700,67242400,68450100,69644500,70824500,71995500,73156700,74306900,75456300,76596700,77630900,78620500,79537700,80467400,81436400,82392100,83311200,84218500,85118700,86025000,86932500,87860300,88809200,89759500,90728900,91703800
"Population, total",SP.POP.TOTL,World,WLD,3991194334,4065954672,4138731185,4211259460,4285061775,4360572310,4436734568,4514655817,4595487517,4677020244,4758310418,4841376791,4927207009,5015267869,5104205218,5193123373,5283057867,5369889993,5453473436,5537776461,5621146521,5705843054,5788596142,5871549366,5953672500,6034911639,6115444311,6195589560,6274734084,6353976427,6433748714,6513959904,6594722462,6675832678,6758302523,6840955706,6923684085,7006907989,7089451551,7176092192,7260780278,7346633037
"Population, total",SP.POP.TOTL,"Yemen, Rep.",YEM,6626208,6793979,6994840,7226885,7485921,7765087,8059381,8369708,8698304,9043210,9402070,9774242,10153613,10542601,10958983,11426912,11961099,12571240,13245003,13948118,14633091,15266147,15834747,16349809,16829935,17304422,17795219,18306287,18832097,19374012,19931617,20504385,21093973,21701105,22322699,22954226,23591972,24234940,24882792,25533217,26183676,26832215
"Population, total",SP.POP.TOTL,Zambia,ZMB,4810810,4983017,5160570,5343550,5532350,5727577,5929497,6138069,6352561,6571673,6793708,7017292,7242496,7469270,7696070,7921028,8143142,8361381,8576987,8794061,9018229,9253527,9502346,9763742,10034412,10309310,10585220,10861238,11139978,11426006,11725635,12043591,12381509,12738676,13114579,13507849,13917439,14343526,14786581,15246086,15721343,16211767
"Population, total",SP.POP.TOTL,Zimbabwe,ZWE,5967861,6170284,6373956,6580739,6796946,7031159,7289083,7571965,7876414,8197564,8528328,8862601,9198874,9535657,9866776,10184966,10484771,10763036,11019717,11256512,11476807,11683136,11877664,12059858,12226742,12374019,12499981,12603988,12691431,12774162,12867828,12984418,13127942,13297798,13495462,13720997,13973897,14255592,14565482,14898092,15245855,15602751
